Url,Title,Description,Offer minimal price,Currency,Image url 1,Image url 2,Image url 3,Image url 4,Image url 5
https://grohe-russia.shop,Официальный интернет-магазин немецкой сантехники GROHE,Весенняя распродажа Grohe. Скидки до -62% и -25% сверху по промокоду MAYSTARTGR20,,,,,,,
https://grohe-russia.shop/aksessuary/ajeratory,	Аэраторы GROHE в официальном интернет-магазине,	Аэраторы и насадки GROHE. Оригинал из Германии. Остерегайтесь подделок,,,,,,,
https://grohe-russia.shop/aksessuary/ventili,	Угловые вентили GROHE в официальном интернет-магазине,	Угловые вентили GROHE. Гарантия 12 мес. Остерегайтесь подделок,,,,,,,
https://grohe-russia.shop/aksessuary/aksessuary-dlja-dusha-i-vannoj,	Полки для ванной GROHE в официальном интернет-магазине,	Полки для ванной GROHE. Большой ассортимент. Остерегайтесь подделок,,,,,,,
https://grohe-russia.shop/vannaya/vanny,	Ванны GROHE в официальном интернет-магазине,	Ванны GROHE. Доставка по РФ. Рассрочка 0%. Остерегайтесь подделок,,,,,,,
https://grohe-russia.shop/wc/keramika/shopby/gh_type-bide,	Биде GROHE в официальном интернет-магазине,	Биде GROHE. Оригинал из Германии. Гарантия 12 мес. Остерегайтесь подделок,,,,,,,
https://grohe-russia.shop/aksessuary/kartridzhi-kran-buksy,	Картриджи GROHE в официальном интернет-магазине,	Картриджи и кран-буксы GROHE. Сервисный центр. Остерегайтесь подделок,,,,,,,
https://grohe-russia.shop/aksessuary/slivnye-garnitury,	Сливные бачки GROHE в официальном интернет-магазине,	Сливные бачки GROHE. Гарантия 12 мес. Остерегайтесь подделок,,,,,,,
https://grohe-russia.shop/aksessuary/prochee,	Переключатели GROHE в официальном интернет-магазине,	Переключатели и дивертеры GROHE. Сервисный центр. Остерегайтесь подделок,,,,,,,
https://grohe-russia.shop/kuhnja/grohe-blue,	Фильтры GROHE Blue в официальном интернет-магазине,	Фильтры GROHE Blue. Доставка по РФ. Гарантия 12 мес. Остерегайтесь подделок,,,,,,,
https://grohe-russia.shop/wc/paneli-smiva,	Панели смыва GROHE в официальном интернет-магазине,	Панели смыва GROHE. Большой ассортимент. Остерегайтесь подделок,,,,,,,
https://grohe-russia.shop/,	Официальный интернет-магазин немецкой сантехники GROHE,	Сантехника GROHE. Оригинал. Рассрочка 0%. Остерегайтесь подделок,,,,,,,
https://grohe-russia.shop/vannaya/polotencesushiteli-aquatek,	Полотенцесушители GROHE в официальном интернет-магазине,	Полотенцесушители. Доставка по РФ. Гарантия 12 мес. Остерегайтесь подделок,,,,,,,
https://grohe-russia.shop/wc/sistemy-installjacii,	Инсталляции GROHE в официальном интернет-магазине,	Инсталляции GROHE. Только оригинал из Германии. Остерегайтесь подделок,,,,,,,
https://grohe-russia.shop/gotovye-nabory,	Готовые наборы GROHE в официальном интернет-магазине,	Готовые наборы GROHE. Оформление за 30 секунд. Остерегайтесь подделок,,,,,,,
https://grohe-russia.shop/kuhnja/moyki,	Мойки для кухни GROHE в официальном интернет-магазине,	Мойки для кухни GROHE. Доставка по РФ. Рассрочка 0%. Остерегайтесь подделок,,,,,,,
https://grohe-russia.shop/wc/keramika,	Микролифты GROHE в официальном интернет-магазине,	Микролифты GROHE. Большой ассортимент. Остерегайтесь подделок,,,,,,,
https://grohe-russia.shop/vannaya/smesiteli-dlja-vannoj,	Смесители для ванны GROHE в официальном магазине,	Смесители для ванны GROHE. Возможна рассрочка 0%. Остерегайтесь подделок,,,,,,,
https://grohe-russia.shop/wc/smesiteli-dlja-bide,	Смесители для биде GROHE в официальном интернет-магазине,	Смесители для биде GROHE. Гарантия 12 мес. Остерегайтесь подделок,,,,,,,
https://grohe-russia.shop/vannaya/smesiteli-dlja-rakoviny,	Смесители GROHE в официальном магазине,	Смесители GROHE. Большой ассортимент. Рассрочка 0%. Остерегайтесь подделок,,,,,,,
https://grohe-russia.shop/wc/gigienicheskie-dushi,	Гигиенические души GROHE в официальном интернет-магазине,	Гигиенические души GROHE. Оригинал. Доставка по РФ. Остерегайтесь подделок,,,,,,,
https://grohe-russia.shop/kuhnja/smesiteli-dlja-kuhni,	Смесители для кухни GROHE в официальном магазине,	Смесители для кухни GROHE. Доставка по РФ. Рассрочка 0%. Остерегайтесь подделок,,,,,,,
https://grohe-russia.shop/vannaya/beskontaktnye-smesiteli,	Бесконтактные смесители GROHE в официальном магазине,	Бесконтактные смесители GROHE. Сервисный центр. Остерегайтесь подделок,,,,,,,
https://grohe-russia.shop/dush/smesiteli-dlja-dusha,	Смесители для душа GROHE в официальном интернет-магазине,	Смесители для душа GROHE. Возможна рассрочка 0%. Остерегайтесь подделок,,,,,,,
https://grohe-russia.shop/vannaya/smesiteli-dlja-rakoviny,	Смесители для раковины GROHE в официальном магазине,	Смесители для раковины GROHE. Большой ассортимент. Остерегайтесь подделок,,,,,,,
https://grohe-russia.shop/vannaya/smesiteli-dlja-vannoj-s-termostatom,	Термостаты для ванны GROHE в официальном магазине,	Термостаты для ванны GROHE. Гарантия 12 мес. Остерегайтесь подделок,,,,,,,
https://grohe-russia.shop/,	Сантехника GROHE в официальном интернет-магазине,	Сантехника GROHE. Большой ассортимент. Доставка по РФ. Остерегайтесь подделок,,,,,,,
https://grohe-russia.shop/dush/shtangi-derzhateli-i-podkljuchenija,	Душевые штанги GROHE в официальном интернет-магазине,	Душевые штанги и держатели GROHE. Доставка по РФ. Остерегайтесь подделок,,,,,,,
https://grohe-russia.shop/dush,	Душевые системы GROHE в официальном интернет-магазине,	Душевые системы GROHE. Рассрочка 0%. Доставка по РФ. Остерегайтесь подделок,,,,,,,
https://grohe-russia.shop/dush/dushevye-garnitury,	Ручные души GROHE в официальном интернет-магазине,	Ручные души GROHE. Большой ассортимент. Остерегайтесь подделок,,,,,,,
https://grohe-russia.shop/dush/ruchnoj-dush-dushevye-nabory,	Верхние души GROHE в официальном интернет-магазине,	Верхние души GROHE. Оригинал. Гарантия 12 мес. Остерегайтесь подделок,,,,,,,
https://grohe-russia.shop/dush/dushevye-shlangi,	Душевые шланги GROHE в официальном интернет-магазине,	Душевые шланги GROHE. Большой ассортимент. Остерегайтесь подделок,,,,,,,
https://grohe-russia.shop/dush/dushevye-sistemy,	Душевые системы GROHE в официальном интернет-магазине,	Душевые системы GROHE. Возможна рассрочка 0%. Остерегайтесь подделок,,,,,,,
https://grohe-russia.shop/dush/dush-poddon,	Душевые поддоны GROHE в официальном интернет-магазине,	Душевые поддоны GROHE. Доставка по РФ. Рассрочка 0%. Остерегайтесь подделок,,,,,,,
https://grohe-russia.shop/aksessuary/sifony,	Сифоны GROHE в официальном интернет-магазине,	Сифоны GROHE. Большой ассортимент. Доставка по РФ. Остерегайтесь подделок,,,,,,,
https://grohe-russia.shop/vannaya/keramika,	Раковины GROHE в официальном интернет-магазине,	Раковины GROHE. Доставка по РФ. Гарантия 12 мес. Остерегайтесь подделок,,,,,,,
https://grohe-russia.shop/aksessuary/aksessuary-dlja-dusha-i-vannoj,	Аксессуары для ванной GROHE в официальном магазине,	Аксессуары для ванной GROHE. Большой ассортимент. Остерегайтесь подделок,,,,,,,
https://grohe-russia.shop/vannaya/izlivi,	Изливы для смесителей GROHE в официальном магазине,	Изливы для смесителей GROHE. Сервисный центр. Остерегайтесь подделок,,,,,,,
https://grohe-russia.shop/wc/keramika/shopby/gh_type-unitaz,	Унитазы GROHE в официальном интернет-магазине,	Унитазы GROHE. Оригинал из Германии. Доставка по РФ. Остерегайтесь подделок,,,,,,,
https://grohe-russia.shop/wc/keramika/shopby/gh_type-sidene,	Сиденья для унитаза GROHE в официальном магазине,	Сиденья для унитаза GROHE с микролифтом. Гарантия. Остерегайтесь подделок,,,,,,,
https://grohe-russia.shop/wc/keramika,	Писсуары GROHE в официальном интернет-магазине,	Писсуары GROHE. Большой ассортимент. Доставка по РФ. Остерегайтесь подделок,,,,,,,
https://grohe-russia.shop/aksessuary/ventili,	Вентили GROHE в официальном интернет-магазине,	Вентили GROHE. Сервисный центр. Гарантия 12 мес. Остерегайтесь подделок,,,,,,,
https://grohe-russia.shop/aksessuary/derzhatel-dlya-tualetnoi-bumagi, Аксессуары GROHE в официальном интернет-магазине, Сантехника GROHE. Оригинал. Рассрочка 0%. Остерегайтесь подделок,,,,,,,
